<OpenSearchDescription xmlns="http://a9.com/-/spec/opensearch/1.1/"
                       xmlns:moz="http://www.mozilla.org/2006/browser/search/">
    <ShortName>Melpa</ShortName>
    <Description>Search Melpa</Description>
    <InputEncoding>UTF-8</InputEncoding>
    <Image width="16" height="16" type="image/x-icon">https://melpa.org/favicon.ico</Image>
    <Url type="text/html" method="get" template="https://melpa.org/#/?q={searchTerms}"/>
    <moz:SearchForm>https://melpa.org/</moz:SearchForm>
</OpenSearchDescription>
